wals code,name,value,description,latitude,longitude,genus,family,area
kiw, Kiwai (Southern),2,Moderately low,-8,143.5,Kiwaian,Kiwaian,Phonology
xoo,!X√≥√µ,5,High,-24,21.5,Tu,Tu,Phonology
ani,//Ani,5,High,-18.91666667,21.91666667,Khoe-Kwadi,Khoe-Kwadi,Phonology
abi,Abip√≥n,3,Average,-29,-61,South Guaicuruan,Guaicuruan,Phonology
abk,Abkhaz,5,High,43.08333333,41,Northwest Caucasian,Northwest Caucasian,Phonology
acm,Achumawi,3,Average,41.5,-121,Palaihnihan,Hokan,Phonology
ach,Ach√©,2,Moderately low,-25.25,-55.16666667,Tupi-Guaran√≠,Tupian,Phonology
aco,Acoma,5,High,34.91666667,-107.5833333,Keresan,Keresan,Phonology
adz,Adzera,4,Moderately high,-6.25,146.25,Oceanic,Austronesian,Phonology
agh,Aghem,2,Moderately low,6.666666667,10,Bantoid,Niger-Congo,Phonology
aht,Ahtna,4,Moderately high,62,-145,Athapaskan,Na-Dene,Phonology
aik,Aikan√°,3,Average,-12.66666667,-60.66666667,Aikan√°,Aikan√°,Phonology
ain,Ainu,2,Moderately low,43,143,Ainu,Ainu,Phonology
aiz,Aizi,2,Moderately low,5.25,-4.5,Kru,Niger-Congo,Phonology
akn,Akan,2,Moderately low,6.5,-1.25,Kwa,Niger-Congo,Phonology
akw,Akawaio,1,Low,6,-59.5,Cariban,Cariban,Phonology
abm,Alabama,4,Moderately high,32.33333333,-87.41666667,Muskogean,Muskogean,Phonology
ala,Alamblak,2,Moderately low,-4.666666667,143.3333333,Sepik Hill,Sepik,Phonology
alw,Alawa,4,Moderately high,-15.16666667,134.25,Alawa,Mangarrayi-Maran,Phonology
alb,Albanian,3,Average,41,20,Albanian,Indo-European,Phonology
aea,Aleut (Eastern),5,High,54.75,-164,Aleut,Eskimo-Aleut,Phonology
ald,Alladian,3,Average,5.166666667,-4.333333333,Kwa,Niger-Congo,Phonology
amc,Amahuaca,3,Average,-10.5,-72.5,Panoan,Panoan,Phonology
ame,Amele,3,Average,-5.25,145.5833333,Madang,Trans-New Guinea,Phonology
amh,Amharic,4,Moderately high,10,38,Semitic,Afro-Asiatic,Phonology
amo,Amo,2,Moderately low,10.33333333,8.666666667,Kainji,Niger-Congo,Phonology
amu,Amuesha,5,High,-10.5,-75.41666667,Yanesha',Arawakan,Phonology
amz,Amuzgo,3,Average,16.83333333,-98,Amuzgoan,Oto-Manguean,Phonology
adk,Andoke,1,Low,-0.666666667,-72,Andoke,Andoke,Phonology
ant,Angaataha,1,Low,-7.216666667,146.25,Angan,Trans-New Guinea,Phonology
anc,Angas,4,Moderately high,9.5,9.5,West Chadic,Afro-Asiatic,Phonology
ao,Ao,2,Moderately low,26.58333333,94.66666667,Kuki-Chin,Sino-Tibetan,Phonology
api,Apinay√©,1,Low,-5.5,-48,Ge-Kaingang,Macro-Ge,Phonology
apu,Apurin√£,3,Average,-9,-67,Purus,Arawakan,Phonology
arb,Arabela,2,Moderately low,-2,-75.16666667,Zaparoan,Zaparoan,Phonology
aeg,Arabic (Egyptian),4,Moderately high,30,31,Semitic,Afro-Asiatic,Phonology
ana,Araona,4,Moderately high,-12.33333333,-67.75,Tacanan,Tacanan,Phonology
arp,Arapesh (Mountain),2,Moderately low,-3.466666667,143.1666667,Kombio-Arapesh,Torricelli,Phonology
arc,Archi,5,High,42,46.83333333,Lezgic,Nakh-Daghestanian,Phonology
arm,Armenian (Eastern),4,Moderately high,40,45,Armenian,Indo-European,Phonology
amp,Arrernte (Mparntwe),5,High,-24,136,Central Pama-Nyungan,Pama-Nyungan,Phonology
asm,Asmat,1,Low,-5.5,138.5,Asmat-Kamoro,Trans-New Guinea,Phonology
ata,Atayal,3,Average,24.5,121.3333333,Atayalic,Austronesian,Phonology
ava,Avar,5,High,42.5,46.5,Avar-Andic-Tsezic,Nakh-Daghestanian,Phonology
awp,Awa Pit,3,Average,1.5,-78.25,Barbacoan,Barbacoan,Phonology
awn,Awngi,3,Average,10.83333333,36.66666667,Central Cushitic,Afro-Asiatic,Phonology
aym,Aymara (Central),5,High,-17,-69,Aymaran,Aymaran,Phonology
aze,Azerbaijani,2,Moderately low,40.5,48.5,Turkic,Altaic,Phonology
bag,Bagirmi,3,Average,11.66666667,16,Bongo-Bagirmi,Central Sudanic,Phonology
bai,Bai,1,Low,26,100,Bai,Sino-Tibetan,Phonology
baj,Bajau (Sama),3,Average,-4.333333333,123,Sama-Bajaw,Austronesian,Phonology
bki,Bakair√≠,2,Moderately low,-14,-55,Cariban,Cariban,Phonology
bam,Bambara,3,Average,12.5,-7.5,Western Mande,Mande,Phonology
byu,Bandjalang (Yugumbir),3,Average,-27.91666667,153,Southeastern Pama-Nyungan,Pama-Nyungan,Phonology
brd,Bardi,3,Average,-16.58333333,122.9166667,Nyulnyulan,Nyulnyulan,Phonology
brb,Bariba,2,Moderately low,10,2.5,Southern-Central Gur,Niger-Congo,Phonology
bsk,Bashkir,3,Average,53,58,Turkic,Altaic,Phonology
bsq,Basque,4,Moderately high,43,-3,Basque,Basque,Phonology
bkr,Batak (Karo),2,Moderately low,3.25,98.25,Northwest Sumatra-Barrier Islands,Austronesian,Phonology
bto,Batak (Toba),3,Average,2.5,99,Northwest Sumatra-Barrier Islands,Austronesian,Phonology
baw,Bawm,4,Moderately high,22.5,92.25,Kuki-Chin,Sino-Tibetan,Phonology
bee,Beembe,3,Average,-3.916666667,14.08333333,Bantoid,Niger-Congo,Phonology
bej,Beja,3,Average,18,36,Beja,Afro-Asiatic,Phonology
bco,Bella Coola,5,High,52.5,-126.6666667,Bella Coola,Salishan,Phonology
ben,Bengali,3,Average,24,90,Indic,Indo-European,Phonology
bma,Berber (Middle Atlas),5,High,33,-5,Berber,Afro-Asiatic,Phonology
ber,Berta,4,Moderately high,10.33333333,34.66666667,Berta,Berta,Phonology
bir,Birom,3,Average,9.666666667,8.833333333,Platoid,Niger-Congo,Phonology
bis,Bisa,3,Average,11.5,-0.5,Eastern Mande,Mande,Phonology
bbf,Bobo Madar√© (Northern),3,Average,12.41666667,-4.333333333,Western Mande,Mande,Phonology
bod,Bodo,2,Moderately low,26.83333333,92,Bodo-Garo,Sino-Tibetan,Phonology
brr,Bororo,1,Low,-16,-57,Bororoan,Bororoan,Phonology
brh,Brahui,4,Moderately high,28.5,67,Northern Dravidian,Dravidian,Phonology
bra,Brao,3,Average,14.16666667,107.5,Bahnaric,Austro-Asiatic,Phonology
bre,Breton,3,Average,48,-3,Celtic,Indo-European,Phonology
bri,Bribri,3,Average,9.416666667,-83,Talamanca,Chibchan,Phonology
brw,Bru (Western),1,Low,16.75,104.75,Katuic,Austro-Asiatic,Phonology
bul,Bulgarian,3,Average,42.5,25,Slavic,Indo-European,Phonology
bua,Burarra,3,Average,-12.25,134.5833333,Burarran,Mangrida,Phonology
brm,Burmese,3,Average,21,96,Burmese-Lolo,Sino-Tibetan,Phonology
bur,Burushaski,5,High,36.5,74.5,Burushaski,Burushaski,Phonology
bet,B√©t√©,1,Low,6.25,-6.25,Kru,Niger-Congo,Phonology
cac,Cacua,2,Moderately low,1.083333333,-70,Cacua-Nukak,Cacua-Nukak,Phonology
cad,Caddo,5,High,33.33333333,-93.5,Caddoan,Caddoan,Phonology
cah,Cahuilla,4,Moderately high,33.5,-116.25,California Uto-Aztecan,Uto-Aztecan,Phonology
cax,Campa (Axininca),4,Moderately high,-12,-74,Pre-Andine Arawakan,Arawakan,Phonology
cam,Cams√°,3,Average,1.166666667,-77,Cams√°,Cams√°,Phonology
cnl,Canela,1,Low,-7,-45,Ge-Kaingang,Macro-Ge,Phonology
cnt,Cantonese,2,Moderately low,23,113,Chinese,Sino-Tibetan,Phonology
car,Carib,2,Moderately low,5.5,-56,Cariban,Cariban,Phonology
ctl,Catalan,3,Average,41.75,2,Romance,Indo-European,Phonology
cay,Cayapa,4,Moderately high,0.666666667,-79,Barbacoan,Barbacoan,Phonology
cyv,Cayuvava,2,Moderately low,-13.5,-65.5,Cayuvava,Cayuvava,Phonology
chw,Cham (Western),2,Moderately low,12,105.5,Malayo-Sumbawan,Austronesian,Phonology
cha,Chamorro,3,Average,13.45,144.75,Chamorro,Austronesian,Phonology
cso,Chatino (Sierra Occidental),3,Average,16.25,-97.33333333,Zapotecan,Oto-Manguean,Phonology
chl,Chehalis (Upper),5,High,46.58333333,-123,Tsamosan,Salishan,Phonology
che,Cherokee,1,Low,35.5,-83.5,Southern Iroquoian,Iroquoian,Phonology
cck,Chickasaw,4,Moderately high,34,-88,Muskogean,Muskogean,Phonology
cti,Chin (Tiddim),3,Average,23.33333333,93.66666667,Kuki-Chin,Sino-Tibetan,Phonology
cle,Chinantec (Lealao),3,Average,17.33333333,-95.91666667,Chinantecan,Oto-Manguean,Phonology
chq,Chinantec (Quiotepec),3,Average,17.58333333,-96.66666667,Chinantecan,Oto-Manguean,Phonology
chp,Chipewyan,5,High,59,-106,Athapaskan,Na-Dene,Phonology
cve,Chuave,2,Moderately low,-6.116666667,145.1166667,Chimbu,Trans-New Guinea,Phonology
chk,Chukchi,2,Moderately low,67,-173,Northern Chukotko-Kamchatkan,Chukotko-Kamchatkan,Phonology
chv,Chuvash,2,Moderately low,55.5,47.5,Turkic,Altaic,Phonology
cil,CiLuba,3,Average,-6,22,Bantoid,Niger-Congo,Phonology
ccp,Cocopa,4,Moderately high,32.33333333,-115,Yuman,Hokan,Phonology
cof,Cof√°n,4,Moderately high,0.166666667,-77.16666667,Cof√°n,Cof√°n,Phonology
cmn,Comanche,1,Low,33.5,-101.5,Numic,Uto-Aztecan,Phonology
coo,Coos (Hanis),5,High,43.5,-124.1666667,Coosan,Oregon Coast,Phonology
cre,Cree (Plains),2,Moderately low,54,-110,Algonquian,Algic,Phonology
cub,Cubeo,1,Low,1.333333333,-70.5,Tucanoan,Tucanoan,Phonology
dad,Dadibi,2,Moderately low,-6.55,144.5833333,Teberan,Teberan-Pawaian,Phonology
dag,Daga,2,Moderately low,-10,149.3333333,Dagan,Dagan,Phonology
dgb,Dagbani,4,Moderately high,9.583333333,-0.5,Northern-Central Gur,Niger-Congo,Phonology
dgr,Dagur,3,Average,48,124,Mongolic,Altaic,Phonology
dah,Dahalo,5,High,-2.333333333,40.5,Dahalo,Afro-Asiatic,Phonology
ddf,Daju (Dar Fur),3,Average,12.25,25.25,Daju,Eastern Sudanic,Phonology
dan,Dan,1,Low,7.5,-8,Eastern Mande,Mande,Phonology
dnw,Dangal√©at (Western),3,Average,12.16666667,18.33333333,East Chadic,Afro-Asiatic,Phonology
dni,Dani (Lower Grand Valley),1,Low,-4.333333333,138.8333333,Dani,Trans-New Guinea,Phonology
dar,Darai,4,Moderately high,24,84,Indic,Indo-European,Phonology
det,Deti,5,High,-20.5,24.5,Khoe-Kwadi,Khoe-Kwadi,Phonology
die,Diegue√±o (Mesa Grande),4,Moderately high,32.66666667,-116.1666667,Yuman,Hokan,Phonology
din,Dinka,3,Average,8.5,28,Nilotic,Eastern Sudanic,Phonology
dio,Diola-Fogny,1,Low,13,-16.25,Bak,Niger-Congo,Phonology
diy,Diyari,5,High,-28,139,Central Pama-Nyungan,Pama-Nyungan,Phonology
diz,Dizi,3,Average,6.166666667,36.5,Dizoid,Afro-Asiatic,Phonology
djp,Djapu,5,High,-12.66666667,136,Western Pama-Nyungan,Pama-Nyungan,Phonology
der,Dla (Proper),2,Moderately low,-3.583333333,141,Senagi,Senagi,Phonology
don,Dong (Southern),3,Average,27,109,Kam-Tai,Tai-Kadai,Phonology
doy,Doyayo,3,Average,8.666666667,13.08333333,Samba-Duru,Niger-Congo,Phonology
dre,Drehu,3,Average,-21,167.25,Oceanic,Austronesian,Phonology
dum,Dumo,1,Low,-2.683333333,141.3,Western Skou,Skou,Phonology
dyi,Dyirbal,3,Average,-17.83333333,145.5833333,Northern Pama-Nyungan,Pama-Nyungan,Phonology
efi,Efik,1,Low,4.916666667,8.5,Cross River,Niger-Congo,Phonology
eja,Ejagham,3,Average,5.416666667,8.666666667,Bantoid,Niger-Congo,Phonology
eka,Ekari,1,Low,-3.833333333,135.5,Wissel Lakes-Kemandoga,Trans-New Guinea,Phonology
eng,English,1,Low,52,0,Germanic,Indo-European,Phonology
epe,Epena Pedee,2,Moderately low,3,-77,Choco,Choco,Phonology
evn,Even,3,Average,68,130,Tungusic,Altaic,Phonology
eve,Evenki,3,Average,56,125,Tungusic,Altaic,Phonology
ewe,Ewe,3,Average,6.333333333,0.416666667,Kwa,Niger-Congo,Phonology
ewo,Ewondo,3,Average,4,12,Bantoid,Niger-Congo,Phonology
eya,Eyak,5,High,60.5,-145,Eyak,Na-Dene,Phonology
fas,Fasu,2,Moderately low,-6.583333333,143.3333333,Fasu,Trans-New Guinea,Phonology
fef,Fe'fe',2,Moderately low,5.25,10.16666667,Bantoid,Niger-Congo,Phonology
fij,Fijian,3,Average,-17.83333333,178,Oceanic,Austronesian,Phonology
fin,Finnish,2,Moderately low,62,25,Finnic,Uralic,Phonology
fre,French,1,Low,48,2,Romance,Indo-European,Phonology
ful,Fulni√¥,3,Average,-8,-37.5,Yat√™,Yat√™,Phonology
fur,Fur,2,Moderately low,13.5,25,Fur,Fur,Phonology
fuz,Fuzhou,2,Moderately low,26,119.5,Chinese,Sino-Tibetan,Phonology
fye,Fyem,5,High,9.583333333,9.333333333,Platoid,Niger-Congo,Phonology
gds,Gadsup,3,Average,-6.25,146,Eastern Highlands,Trans-New Guinea,Phonology
gar,Garo,3,Average,25.66666667,90.5,Bodo-Garo,Sino-Tibetan,Phonology
grr,Garrwa,4,Moderately high,-17.08333333,137.1666667,Garrwan,Garrwan,Phonology
gbb,Gbeya Bossangoa,3,Average,6.666666667,17.5,Gbaya-Manza-Ngbaka,Niger-Congo,Phonology
gla,Gelao,3,Average,22.91666667,105.5,Kadai,Tai-Kadai,Phonology
geo,Georgian,4,Moderately high,42,44,Kartvelian,Kartvelian,Phonology
ger,German,1,Low,52,10,Germanic,Indo-European,Phonology
goa,Goajiro,3,Average,12,-72,Caribbean Arawakan,Arawakan,Phonology
goo,Gooniyandi,4,Moderately high,-18.33333333,126.3333333,Bunuban,Bunuban,Phonology
gan,Great Andamanese,3,Average,12,92.66666667,Great Andamanese,Great Andamanese,Phonology
grb,Grebo,2,Moderately low,5,-8,Kru,Niger-Congo,Phonology
grk,Greek (Modern),3,Average,39,22,Greek,Indo-European,Phonology
grw,Greenlandic (West),4,Moderately high,64,-51,Eskimo,Eskimo-Aleut,Phonology
ghb,Guahibo,3,Average,5,-69,Guahiban,Guahiban,Phonology
gmb,Guambiano,3,Average,2.5,-76.66666667,Barbacoan,Barbacoan,Phonology
gua,Guaran√≠,3,Average,-26,-56,Tupi-Guaran√≠,Tupian,Phonology
gwa,Gwari,3,Average,9.5,7,Nupoid,Niger-Congo,Phonology
ga,G√£,3,Average,5.666666667,-0.166666667,Kwa,Niger-Congo,Phonology
had,Hadza,5,High,-3.75,35.16666667,Hadza,Hadza,Phonology
hai,Haida,5,High,53,-132,Haida,Haida,Phonology
hak,Hakka,3,Average,25,116,Chinese,Sino-Tibetan,Phonology
hmr,Hamer,4,Moderately high,5,36.5,South Omotic,Afro-Asiatic,Phonology
ham,Hamtai,1,Low,-7.5,146.25,Angan,Trans-New Guinea,Phonology
hau,Hausa,4,Moderately high,12,7,West Chadic,Afro-Asiatic,Phonology
haw,Hawaiian,1,Low,19.58333333,-155.5,Oceanic,Austronesian,Phonology
hba,Hebrew (Modern Ashkenazic),3,Average,31.75,35.16666667,Semitic,Afro-Asiatic,Phonology
hin,Hindi,4,Moderately high,25,77,Indic,Indo-European,Phonology
hix,Hixkaryana,3,Average,-1,-59,Cariban,Cariban,Phonology
hmo,Hmong Njua,5,High,28,105,Hmong-Mien,Hmong-Mien,Phonology
hop,Hopi,3,Average,36,-110,Hopi,Uto-Aztecan,Phonology
htc,Huastec,3,Average,22.08333333,-99.33333333,Mayan,Mayan,Phonology
hve,Huave (San Mateo del Mar),3,Average,16.21666667,-95,Huavean,Huavean,Phonology
hum,Huitoto (Murui),2,Moderately low,-1,-73.5,Huitoto,Huitotoan,Phonology
hun,Hungarian,3,Average,47,20,Ugric,Uralic,Phonology
hzb,Hunzib,3,Average,42.16666667,46.25,Avar-Andic-Tsezic,Nakh-Daghestanian,Phonology
hup,Hupa,5,High,41.08333333,-123.6666667,Athapaskan,Na-Dene,Phonology
iaa,Iaai,3,Average,-20.41666667,166.5833333,Oceanic,Austronesian,Phonology
iba,Iban,3,Average,2,112,Malayo-Sumbawan,Austronesian,Phonology
igb,Igbo,3,Average,6,7.333333333,Igboid,Niger-Congo,Phonology
ign,Ignaciano,4,Moderately high,-15.16666667,-65.41666667,Bolivia-Parana,Arawakan,Phonology
ijo,Ijo (Kolokuma),2,Moderately low,4.916666667,5.666666667,Ijoid,Ijoid,Phonology
ik,Ik,3,Average,3.75,34.16666667,Kuliak,Eastern Sudanic,Phonology
ika,Ika,2,Moderately low,10.66666667,-73.75,Arhuacic,Chibchan,Phonology
imo,Imonda,1,Low,-3.333333333,141.1666667,Border,Border,Phonology
ind,Indonesian,3,Average,0,106,Malayo-Sumbawan,Austronesian,Phonology
igs,Ingessana,3,Average,11.5,34,Eastern Jebel,Eastern Sudanic,Phonology
ing,Ingush,5,High,43.16666667,45.08333333,Nakh,Nakh-Daghestanian,Phonology
irx,Iranxe,3,Average,-13,-58,Iranxe,Iranxe,Phonology
irq,Iraqw,5,High,-4,35.5,Southern Cushitic,Afro-Asiatic,Phonology
irr,Irarutu,1,Low,-3,133.5,South Halmahera - West New Guinea,Austronesian,Phonology
ird,Irish (Donegal),4,Moderately high,55,-8,Celtic,Indo-European,Phonology
iso,Isoko,3,Average,5.5,6.25,Edoid,Niger-Congo,Phonology
ite,Itelmen,4,Moderately high,57,157.5,Southern Chukotko-Kamchatkan,Chukotko-Kamchatkan,Phonology
ito,Itonama,3,Average,-12.83333333,-64.33333333,Itonama,Itonama,Phonology
iva,Ivatan,4,Moderately high,20.5,122,Batanic,Austronesian,Phonology
iwm,Iwam,1,Low,-4.333333333,142,Upper Sepik,Sepik,Phonology
jak,Jakaltek,4,Moderately high,15.66666667,-91.66666667,Mayan,Mayan,Phonology
jpn,Japanese,3,Average,37,140,Japanese,Japanese,Phonology
jpr,Japreria,1,Low,10.5,-73,Cariban,Cariban,Phonology
jaq,Jaqaru,5,High,-13,-76,Aymaran,Aymaran,Phonology
jav,Javanese,2,Moderately low,-7,111,Javanese,Austronesian,Phonology
jeb,Jebero,4,Moderately high,-5.416666667,-76.5,Cahuapanan,Cahuapanan,Phonology
jeh,Jeh,3,Average,15.16666667,107.8333333,Bahnaric,Austro-Asiatic,Phonology
jng,Jingpho,4,Moderately high,25.41666667,97,Jingpho,Sino-Tibetan,Phonology
jiv,Jivaro,3,Average,-2.5,-78,Jivaroan,Jivaroan,Phonology
jom,Jomang,1,Low,10.58333333,30.5,Talodi,Kordofanian,Phonology
juh,Ju|'hoan,5,High,-19,21,Ju-Kung,Kxa,Phonology
kek,K'ekch√≠,3,Average,16,-89.83333333,Mayan,Mayan,Phonology
kab,Kabardian,5,High,43.5,43.5,Northwest Caucasian,Northwest Caucasian,Phonology
kad,Kadugli,3,Average,11,29.66666667,Kadugli,Kadu,Phonology
kng,Kaingang,1,Low,-26,-52,Ge-Kaingang,Macro-Ge,Phonology
kly,Kala Lagaw Ya,3,Average,-10.11666667,142.1166667,Northern Pama-Nyungan,Pama-Nyungan,Phonology
kal,Kalami,4,Moderately high,35.5,72.5,Indic,Indo-European,Phonology
kgu,Kalkatungu,5,High,-21,139.5,Northern Pama-Nyungan,Pama-Nyungan,Phonology
knk,Kanakuru,3,Average,10,12,West Chadic,Afro-Asiatic,Phonology
knd,Kannada,2,Moderately low,14,76,Southern Dravidian,Dravidian,Phonology
knr,Kanuri,3,Average,12,13,Western Saharan,Saharan,Phonology
ksg,Karen (Sgaw),3,Average,18,97,Karen,Sino-Tibetan,Phonology
krk,Karok,3,Average,41.66666667,-123,Karok,Karok,Phonology
kas,Kashmiri,3,Average,34,76,Indic,Indo-European,Phonology
kws,Kawaiisu,3,Average,36,-117.5,Numic,Uto-Aztecan,Phonology
kyl,Kayah Li (Eastern),1,Low,19,97.5,Karen,Sino-Tibetan,Phonology
kay,Kayardild,4,Moderately high,-17.05,139.5,Tangkic,Tangkic,Phonology
ked,Kedang,2,Moderately low,-8.25,123.75,Central Malayo-Polynesian,Austronesian,Phonology
kef,Kefa,3,Average,7.25,36.25,South Omotic,Afro-Asiatic,Phonology
ker,Kera,3,Average,9.833333333,15.08333333,East Chadic,Afro-Asiatic,Phonology
ket,Ket,2,Moderately low,64,87,Yeniseian,Yeniseian,Phonology
kew,Kewa,3,Average,-6.5,143.8333333,Engan,Trans-New Guinea,Phonology
kha,Khalkha,2,Moderately low,47,105,Mongolic,Altaic,Phonology
kty,Khanty,3,Average,65,65,Ugric,Uralic,Phonology
khr,Kharia,4,Moderately high,22.5,84.33333333,Munda,Austro-Asiatic,Phonology
khs,Khasi,3,Average,25.5,92,Khasian,Austro-Asiatic,Phonology
khm,Khmer,2,Moderately low,12.5,105,Khmer,Austro-Asiatic,Phonology
kmu,Khmu',2,Moderately low,21,102,Khmuic,Austro-Asiatic,Phonology
klv,Kilivila,3,Average,-8.5,151.0833333,Oceanic,Austronesian,Phonology
kio,Kiowa,3,Average,37,-99,Kiowa-Tanoan,Kiowa-Tanoan,Phonology
kgz,Kirghiz,3,Average,42,75,Turkic,Altaic,Phonology
krb,Kiribati,1,Low,1.333333333,173,Oceanic,Austronesian,Phonology
kss,Kisi (Southern),2,Moderately low,8.5,-10.25,Mel,Niger-Congo,Phonology
klm,Klamath,5,High,42.5,-121.5,Klamath-Modoc,Penutian,Phonology
kla,Klao,1,Low,4.75,-8.75,Kru,Niger-Congo,Phonology
koa,Koasati,4,Moderately high,34.83333333,-85.16666667,Muskogean,Muskogean,Phonology
kob,Kobon,2,Moderately low,-5.166666667,144.3333333,Madang,Trans-New Guinea,Phonology
koh,Kohumono,3,Average,6,8.116666667,Cross River,Niger-Congo,Phonology
koi,Koiari,2,Moderately low,-9.5,147.3333333,Koiarian,Trans-New Guinea,Phonology
kzy,Komi-Zyrian,3,Average,65,55,Permic,Uralic,Phonology
kom,Komo,3,Average,8.75,33.75,Koman,Koman,Phonology
kkn,Konkani,2,Moderately low,15.25,74,Indic,Indo-European,Phonology
kor,Korean,2,Moderately low,37.5,128,Korean,Korean,Phonology
kfe,Koromfe,1,Low,14.25,-0.916666667,Northern-Central Gur,Niger-Congo,Phonology
kry,Koryak,3,Average,61,167,Northern Chukotko-Kamchatkan,Chukotko-Kamchatkan,Phonology
kot,Kota,4,Moderately high,11.5,77.16666667,Southern Dravidian,Dravidian,Phonology
ktk,Kotoko,3,Average,11.33333333,15.33333333,Biu-Mandara,Afro-Asiatic,Phonology
koy,Koya,3,Average,17.5,81.33333333,South-Central Dravidian,Dravidian,Phonology
kch,Koyra Chiini,3,Average,17,-3,Songhay,Songhay,Phonology
kse,Koyraboro Senni,3,Average,16,0,Songhay,Songhay,Phonology
kpa,Kpan,4,Moderately high,7.583333333,10.16666667,Platoid,Niger-Congo,Phonology
kpe,Kpelle,3,Average,7,-10,Western Mande,Mande,Phonology
kro,Krongo,2,Moderately low,10.5,30,Kadugli,Kadu,Phonology
kya,Kuku-Yalanji,3,Average,-16,145,Northern Pama-Nyungan,Pama-Nyungan,Phonology
kul,Kullo,4,Moderately high,6.75,37.08333333,North Omotic,Afro-Asiatic,Phonology
kun,Kuna,2,Moderately low,8,-77.33333333,Kuna,Chibchan,Phonology
knm,Kunama,3,Average,14.5,37,Kunama,Kunama,Phonology
kmp,Kunimaipa,3,Average,-8,146.8333333,Goilalan,Trans-New Guinea,Phonology
krd,Kurdish (Central),3,Average,36,44,Iranian,Indo-European,Phonology
kur,Kurukh,3,Average,22.83333333,85.5,Northern Dravidian,Dravidian,Phonology
kut,Kutenai,5,High,49.5,-116,Kutenai,Kutenai,Phonology
kwa,Kwaio,3,Average,-8.95,161,Oceanic,Austronesian,Phonology
kwk,Kwakw'ala,5,High,51,-127,Northern Wakashan,Wakashan,Phonology
kwo,Kwoma,3,Average,-4.166666667,142.75,Nukuma,Sepik,Phonology
lad,Ladakhi,5,High,34,78,Bodic,Sino-Tibetan,Phonology
lah,Lahu,3,Average,20,98.16666667,Burmese-Lolo,Sino-Tibetan,Phonology
lak,Lak,5,High,42.16666667,47.16666667,Lak-Dargwa,Nakh-Daghestanian,Phonology
lkt,Lakhota,4,Moderately high,43.83333333,-101.8333333,Core Siouan,Siouan,Phonology
lkk,Lakkia,4,Moderately high,24.08333333,110.1666667,Kadai,Tai-Kadai,Phonology
lam,Lam√©,4,Moderately high,9,14.5,Masa,Afro-Asiatic,Phonology
lan,Lango,1,Low,2.166666667,33,Nilotic,Eastern Sudanic,Phonology
lat,Latvian,3,Average,57,24,Baltic,Indo-European,Phonology
lav,Lavukaleve,3,Average,-9.083333333,159.2,Lavukaleve,Solomons East Papuan,Phonology
llm,Lelemi,3,Average,7.333333333,0.5,Kwa,Niger-Congo,Phonology
len,Lenakel,2,Moderately low,-19.45,169.25,Oceanic,Austronesian,Phonology
lep,Lepcha,3,Average,27.16666667,88.5,Lepcha,Sino-Tibetan,Phonology
lez,Lezgian,5,High,41.66666667,47.83333333,Lezgic,Nakh-Daghestanian,Phonology
lit,Lithuanian,4,Moderately high,55,24,Baltic,Indo-European,Phonology
lua,Lua,3,Average,9.75,17.75,Bua,Niger-Congo,Phonology
lug,Lugbara,3,Average,3.083333333,30.91666667,Moru-Ma'di,Central Sudanic,Phonology
lui,Luise√±o,3,Average,33.33333333,-117.1666667,California Uto-Aztecan,Uto-Aztecan,Phonology
luo,Luo,3,Average,-0.5,34.75,Nilotic,Eastern Sudanic,Phonology
lus,Lushootseed,5,High,48,-122,Central Salish,Salishan,Phonology
kkv,Lusi,3,Average,-5.583333333,149.6666667,Oceanic,Austronesian,Phonology
luv,Luvale,3,Average,-12,22,Bantoid,Niger-Congo,Phonology
lu,L√º,2,Moderately low,22,100.6666667,Kam-Tai,Tai-Kadai,Phonology
mya,Ma'ya,3,Average,-1.25,130.9166667,South Halmahera - West New Guinea,Austronesian,Phonology
maa,Maasai,2,Moderately low,-3,36,Nilotic,Eastern Sudanic,Phonology
mab,Maba,3,Average,13.75,20.83333333,Maban,Maban,Phonology
mne,Maidu (Northeast),3,Average,40,-120.6666667,Maiduan,Penutian,Phonology
mak,Makah,5,High,48.33333333,-124.6666667,Southern Wakashan,Wakashan,Phonology
mal,Malagasy,5,High,-20,47,Barito,Austronesian,Phonology
mlk,Malakmalak,3,Average,-13.41666667,130.4166667,Northern Daly,Northern Daly,Phonology
mla,Mambila,2,Moderately low,6.75,11.5,Bantoid,Niger-Congo,Phonology
mnc,Manchu,3,Average,49.5,127.5,Tungusic,Altaic,Phonology
mnd,Mandarin,3,Average,34,110,Chinese,Sino-Tibetan,Phonology
myi,Mangarrayi,3,Average,-14.66666667,133.5,Mangarrayi,Mangarrayi-Maran,Phonology
mgg,Mangghuer,4,Moderately high,36,102,Mongolic,Altaic,Phonology
mao,Maori,1,Low,-40,176,Oceanic,Austronesian,Phonology
map,Mapudungun,3,Average,-38,-72,Araucanian,Araucanian,Phonology
mrn,Maranao,3,Average,7.833333333,124.25,Greater Central Philippine,Austronesian,Phonology
mku,Maranungku,2,Moderately low,-13.66666667,130,Wagaydy,Western Daly,Phonology
mrg,Margi,5,High,11,13,Biu-Mandara,Afro-Asiatic,Phonology
mme,Mari (Meadow),3,Average,57,48,Mari,Uralic,Phonology
mar,Maricopa,4,Moderately high,33.16666667,-113.1666667,Yuman,Hokan,Phonology
mrd,Marind,3,Average,-7.833333333,140.1666667,Marind,Anim,Phonology
mrt,Martuthunira,5,High,-20.83333333,116.5,Western Pama-Nyungan,Pama-Nyungan,Phonology
mau,Maung,3,Average,-11.91666667,133.5,Iwaidjan,Iwaidjan,Phonology
max,Maxakal√≠,1,Low,-18,-40,Maxakal√≠,Macro-Ge,Phonology
may,Maybrat,2,Moderately low,-1.333333333,132.5,North-Central Bird's Head,West Papuan,Phonology
maz,Mazahua,5,High,19.41666667,-99.91666667,Otomian,Oto-Manguean,Phonology
mzc,Mazatec (Chiquihuitl√°n),3,Average,17.75,-96.91666667,Popolocan,Oto-Manguean,Phonology
mba,Mba,3,Average,1,25,Ubangi,Niger-Congo,Phonology
mbb,Mbabaram,4,Moderately high,-17.16666667,145,Northern Pama-Nyungan,Pama-Nyungan,Phonology
mei,Meithei,3,Average,24.75,94,Kuki-Chin,Sino-Tibetan,Phonology
mie,Mien,4,Moderately high,25,111,Hmong-Mien,Hmong-Mien,Phonology
hok,Min (Southern),3,Average,25,118,Chinese,Sino-Tibetan,Phonology
mss,Miwok (Southern Sierra),2,Moderately low,37.5,-120,Miwok,Penutian,Phonology
mtp,Mixe (Totontepec),1,Low,17.25,-96,Mixe-Zoque,Mixe-Zoque,Phonology
mxc,Mixtec (Chalcatongo),3,Average,17.05,-97.58333333,Mixtecan,Oto-Manguean,Phonology
mxm,Mixtec (Molinos),3,Average,17,-97.58333333,Mixtecan,Oto-Manguean,Phonology
mog,Moghol,4,Moderately high,35,62,Mongolic,Altaic,Phonology
mor,Mor,3,Average,-2.95,135.75,South Halmahera - West New Guinea,Austronesian,Phonology
mro,Moro,3,Average,11,30.16666667,Heiban,Kordofanian,Phonology
mov,Movima,3,Average,-13.83333333,-65.66666667,Movima,Movima,Phonology
mui,Muinane,3,Average,-1,-72.5,Boran,Huitotoan,Phonology
mum,Mumuye,3,Average,9,11.66666667,Mumuye-Yandang,Niger-Congo,Phonology
mun,Mundari,4,Moderately high,23,84.66666667,Munda,Austro-Asiatic,Phonology
mrl,Murle,2,Moderately low,6.5,33.5,Surmic,Eastern Sudanic,Phonology
mpa,Murrinh-Patha,4,Moderately high,-14.66666667,129.6666667,Murrinh-Patha,Southern Daly,Phonology
nhn,Nahuatl (North Puebla),3,Average,20,-98.25,Aztecan,Uto-Aztecan,Phonology
nht,Nahuatl (Tetelcingo),3,Average,19.66666667,-99,Aztecan,Uto-Aztecan,Phonology
kho,Nama,4,Moderately high,-25.5,18,Khoe-Kwadi,Khoe-Kwadi,Phonology
nmb,Nambiku√°ra (Southern),4,Moderately high,-14,-59.5,Nambikuaran,Nambikuaran,Phonology
nai,Nanai,3,Average,49.5,137,Tungusic,Altaic,Phonology
nnc,Nancowry,2,Moderately low,8.05,93.5,Nicobarese,Austro-Asiatic,Phonology
nan,Nandi,1,Low,0.25,35,Nilotic,Eastern Sudanic,Phonology
nar,Nara (in Ethiopia),3,Average,15.08333333,37.58333333,Nara,Eastern Sudanic,Phonology
nas,Nasioi,1,Low,-6.333333333,155.5833333,East Bougainville,East Bougainville,Phonology
nbk,Nat√ºgu,3,Average,-10.78333333,165.8666667,Oceanic,Austronesian,Phonology
nav,Navajo,5,High,36.16666667,-108,Athapaskan,Na-Dene,Phonology
nax,Naxi,3,Average,27.5,100,Naxi,Sino-Tibetan,Phonology
ndt,Ndut,3,Average,14.91666667,-16.91666667,Cangin,Niger-Congo,Phonology
ndy,Ndyuka,3,Average,4.5,-54.5,Creoles and Pidgins,other,Phonology
ntu,Nenets,4,Moderately high,70,76,Samoyedic,Uralic,Phonology
nap,Neo-Aramaic (Persian Azerbaijan),4,Moderately high,38,47,Semitic,Afro-Asiatic,Phonology
nep,Nepali,4,Moderately high,28,85,Indic,Indo-European,Phonology
new,Newari (Kathmandu),4,Moderately high,27.66666667,85.5,Mahakiranti,Sino-Tibetan,Phonology
nez,Nez Perce,4,Moderately high,46,-116,Sahaptian,Penutian,Phonology
nga,Nganasan,2,Moderately low,71,93,Samoyedic,Uralic,Phonology
nti,Ngiti,4,Moderately high,1.333333333,30.25,Lendu,Central Sudanic,Phonology
ngi,Ngiyambaa,4,Moderately high,-31.75,145.5,Southeastern Pama-Nyungan,Pama-Nyungan,Phonology
ngz,Ngizim,5,High,12.08333333,10.91666667,West Chadic,Afro-Asiatic,Phonology
nim,Nimboran,1,Low,-2.5,140.1666667,Nimboran,Nimboran,Phonology
chu,Nivacle,4,Moderately high,-23.5,-60.5,Matacoan,Matacoan,Phonology
niv,Nivkh,4,Moderately high,53.33333333,142,Nivkh,Nivkh,Phonology
nko,Nkore-Kiga,3,Average,-0.916666667,29.83333333,Bantoid,Niger-Congo,Phonology
nob,Nobiin,3,Average,21,31,Nubian,Eastern Sudanic,Phonology
non,Noni,2,Moderately low,6.416666667,10.58333333,Bantoid,Niger-Congo,Phonology
nor,Norwegian,2,Moderately low,61,8,Germanic,Indo-European,Phonology
nun,Nung (in Vietnam),3,Average,21.91666667,106.4166667,Kam-Tai,Tai-Kadai,Phonology
nug,Nunggubuyu,4,Moderately high,-13.75,135.6666667,Nunggubuyu,Gunwinyguan,Phonology
nuu,Nuuchahnulth,5,High,49.66666667,-126.6666667,Southern Wakashan,Wakashan,Phonology
nkt,Nyah Kur (Tha Pong),3,Average,15.66666667,101.6666667,Monic,Austro-Asiatic,Phonology
nyg,Nyangi,1,Low,3.416666667,33.58333333,Kuliak,Eastern Sudanic,Phonology
nyi,Nyimang,2,Moderately low,12.16666667,29.33333333,Nyimang,Eastern Sudanic,Phonology
nis,Nyishi,2,Moderately low,27.5,93.5,Tani,Sino-Tibetan,Phonology
ood,O'odham,3,Average,32,-112,Tepiman,Uto-Aztecan,Phonology
oca,Ocaina,4,Moderately high,-2.75,-71.75,Huitoto,Huitotoan,Phonology
ogb,Ogbia,2,Moderately low,4.666666667,6.25,Cross River,Niger-Congo,Phonology
oji,Ojibwa (Eastern),3,Average,46,-80,Algonquian,Algic,Phonology
ond,Oneida,2,Moderately low,43,-75.66666667,Northern Iroquoian,Iroquoian,Phonology
orm,Ormuri,3,Average,32.5,69.75,Iranian,Indo-European,Phonology
orh,Oromo (Harar),4,Moderately high,9,42,Lowland East Cushitic,Afro-Asiatic,Phonology
otm,Otom√≠ (Mezquital),3,Average,20.16666667,-99.16666667,Otomian,Oto-Manguean,Phonology
pms,Paamese,3,Average,-16.5,168.25,Oceanic,Austronesian,Phonology
pac,Pacoh,1,Low,16.41666667,107.0833333,Katuic,Austro-Asiatic,Phonology
pai,Paiwan,4,Moderately high,22.5,120.8333333,Paiwan,Austronesian,Phonology
pnr,Panare,1,Low,6.5,-66,Cariban,Cariban,Phonology
puk,Parauk,3,Average,23.25,99.5,Palaungic,Austro-Asiatic,Phonology
psh,Pashto,4,Moderately high,33,67,Iranian,Indo-European,Phonology
psm,Passamaquoddy-Maliseet,3,Average,45,-67,Algonquian,Algic,Phonology
pau,Paumar√≠,5,High,-6,-64,Arauan,Arauan,Phonology
paw,Pawaian,2,Moderately low,-7,145.0833333,Pawaian,Teberan-Pawaian,Phonology
pec,Pech,3,Average,15,-85.5,Paya,Chibchan,Phonology
prs,Persian,3,Average,32,54,Iranian,Indo-European,Phonology
phl,Phlong,3,Average,15,99,Karen,Sino-Tibetan,Phonology
prh,Pirah√£,2,Moderately low,-7,-62,Mura,Mura,Phonology
pit,Pitjantjatjara,4,Moderately high,-26,130,Western Pama-Nyungan,Pama-Nyungan,Phonology
poa,Po-Ai,1,Low,-20.66666667,164.8333333,Oceanic,Austronesian,Phonology
poh,Pohnpeian,1,Low,6.883333333,158.25,Oceanic,Austronesian,Phonology
pol,Polish,4,Moderately high,52,20,Slavic,Indo-European,Phonology
pso,Pomo (Southeastern),4,Moderately high,39,-122.5,Pomoan,Hokan,Phonology
pur,Pur√©pecha,4,Moderately high,19.5,-101.6666667,Tarascan,Tarascan,Phonology
pae,P√°ez,5,High,2.666666667,-76,P√°ezan,P√°ezan,Phonology
bng,Qaget,3,Average,-4.583333333,152,Baining,Baining,Phonology
qaw,Qawasqar,5,High,-49,-75,Alacalufan,Alacalufan,Phonology
qco,Quechua (Cochabamba),4,Moderately high,-17.5,-66,Quechuan,Quechuan,Phonology
qui,Quileute,5,High,47.91666667,-124.25,Chimakuan,Chimakuan,Phonology
ram,Rama,4,Moderately high,11.75,-83.75,Rama,Chibchan,Phonology
rap,Rapanui,2,Moderately low,-27.11666667,-109.3666667,Oceanic,Austronesian,Phonology
res,Res√≠garo,4,Moderately high,-2.416666667,-71.5,Inland Northern Arawakan,Arawakan,Phonology
rom,Romanian,3,Average,46,25,Romance,Indo-European,Phonology
rsc,Romansch (Scharans),4,Moderately high,46.75,9.5,Romance,Indo-European,Phonology
ror,Roro,1,Low,-8.75,146.5833333,Oceanic,Austronesian,Phonology
rtk,Rotokas,1,Low,-6,155.1666667,West Bougainville,West Bougainville,Phonology
ruk,Rukai (Tanan),4,Moderately high,22.83333333,120.8333333,Rukai,Austronesian,Phonology
rus,Russian,5,High,56,38,Slavic,Indo-European,Phonology
rut,Rutul,5,High,41.5,47.41666667,Lezgic,Nakh-Daghestanian,Phonology
sab,Sa'ban,2,Moderately low,3.666666667,115.6666667,North Borneo,Austronesian,Phonology
scs,Saami (Central-South),5,High,64.66666667,16.75,Saami,Uralic,Phonology
sdw,Sandawe,5,High,-5,35,Sandawe,Sandawe,Phonology
san,Sango,3,Average,5,18,Ubangi,Niger-Congo,Phonology
snm,Sanuma,1,Low,4.5,-64.66666667,Yanomam,Yanomam,Phonology
svs,Savosavo,3,Average,-9.133333333,159.8,Savosavo,Solomons East Papuan,Phonology
seb,Sebei,2,Moderately low,1.333333333,34.58333333,Nilotic,Eastern Sudanic,Phonology
sed,Sedang,4,Moderately high,14.83333333,108,Bahnaric,Austro-Asiatic,Phonology
slp,Selepet,2,Moderately low,-6.166666667,147.1666667,Finisterre-Huon,Trans-New Guinea,Phonology
sel,Selknam,5,High,-53,-70,Chon Proper,Chon,Phonology
skp,Selkup,1,Low,65,82,Samoyedic,Uralic,Phonology
sml,Semelai,3,Average,3,103,Aslian,Austro-Asiatic,Phonology
snd,Senadi,3,Average,9.5,-6.25,Senufo,Niger-Congo,Phonology
snc,Seneca,1,Low,42.5,-77.5,Northern Iroquoian,Iroquoian,Phonology
snt,Sentani,1,Low,-2.583333333,140.5833333,Sentani,Sentani,Phonology
sha,Shan,3,Average,22,98,Kam-Tai,Tai-Kadai,Phonology
shs,Shasta,3,Average,41.83333333,-122.6666667,Shasta,Hokan,Phonology
shk,Shipibo-Konibo,3,Average,-7.5,-75,Panoan,Panoan,Phonology
shi,Shiriana,2,Moderately low,3.5,-62.83333333,Yanomam,Yanomam,Phonology
shu,Shuswap,4,Moderately high,52,-120,Interior Salish,Salishan,Phonology
sdh,Sindhi,4,Moderately high,26,69,Indic,Indo-European,Phonology
snh,Sinhala,3,Average,7,80.5,Indic,Indo-European,Phonology
sin,Siona,3,Average,0.333333333,-76.25,Tucanoan,Tucanoan,Phonology
srn,Sirion√≥,2,Moderately low,-15.58333333,-64,Tupi-Guaran√≠,Tupian,Phonology
sla,Slave,4,Moderately high,67,-125,Athapaskan,Na-Dene,Phonology
som,Somali,2,Moderately low,3,45,Lowland East Cushitic,Afro-Asiatic,Phonology
soq,Soqotri,4,Moderately high,12.5,54,Semitic,Afro-Asiatic,Phonology
sor,Sora,3,Average,20,84.33333333,Munda,Austro-Asiatic,Phonology
spa,Spanish,3,Average,40,-4,Romance,Indo-European,Phonology
squ,Squamish,5,High,49.66666667,-123.1666667,Central Salish,Salishan,Phonology
sre,Sre,3,Average,11.5,108,Bahnaric,Austro-Asiatic,Phonology
sue,Suena,2,Moderately low,-7.75,147.55,Binanderean,Trans-New Guinea,Phonology
sui,Sui,5,High,26,107.5,Kam-Tai,Tai-Kadai,Phonology
sup,Supyire,3,Average,11.5,-5.583333333,Senufo,Niger-Congo,Phonology
swa,Swahili,4,Moderately high,-6.5,39,Bantoid,Niger-Congo,Phonology
sba,S√°liba (in Colombia),3,Average,6,-70,S√°liba,S√°liban,Phonology
tab,Taba,3,Average,0,127.5,South Halmahera - West New Guinea,Austronesian,Phonology
tac,Tacana,4,Moderately high,-13.5,-68,Tacanan,Tacanan,Phonology
tag,Tagalog,3,Average,15,121,Greater Central Philippine,Austronesian,Phonology
tma,Tama,2,Moderately low,14.5,22,Taman,Eastern Sudanic,Phonology
tam,Tamang (Eastern),3,Average,27.5,85.66666667,Bodic,Sino-Tibetan,Phonology
tmp,Tampulma,2,Moderately low,10.41666667,-0.583333333,Southern-Central Gur,Niger-Congo,Phonology
tok,Tarok,3,Average,9,10.08333333,Platoid,Niger-Congo,Phonology
tas,Tashlhiyt,5,High,31,-5,Berber,Afro-Asiatic,Phonology
tsg,Tausug,4,Moderately high,6,121,Greater Central Philippine,Austronesian,Phonology
teh,Tehuelche,5,High,-48,-68,Chon Proper,Chon,Phonology
tks,Teke (Southern),3,Average,-2.333333333,14.5,Bantoid,Niger-Congo,Phonology
tel,Telugu,4,Moderately high,16,79,South-Central Dravidian,Dravidian,Phonology
tmn,Temein,2,Moderately low,11.91666667,29.41666667,Temein,Eastern Sudanic,Phonology
tne,Temne,2,Moderately low,8.666666667,-13.08333333,Mel,Niger-Congo,Phonology
ter,Tera,5,High,11,11.83333333,Biu-Mandara,Afro-Asiatic,Phonology
ttn,Tetun,2,Moderately low,-9,126,Central Malayo-Polynesian,Austronesian,Phonology
tha,Thai,2,Moderately low,16,101,Kam-Tai,Tai-Kadai,Phonology
tib,Tibetan (Standard Spoken),3,Average,30,91,Bodic,Sino-Tibetan,Phonology
tic,Ticuna,3,Average,-4,-70.5,Ticuna,Ticuna,Phonology
tgk,Tigak,2,Moderately low,-2.716666667,150.8,Oceanic,Austronesian,Phonology
tgr,Tigr√©,4,Moderately high,16.5,38.5,Semitic,Afro-Asiatic,Phonology
try,Tiruray,2,Moderately low,6.75,124.1666667,Bilic,Austronesian,Phonology
twn,Tiwa (Northern),3,Average,36.5,-105.5,Kiowa-Tanoan,Kiowa-Tanoan,Phonology
tiw,Tiwi,4,Moderately high,-11.5,131,Tiwian,Tiwian,Phonology
tli,Tlingit,5,High,59,-135,Tlingit,Na-Dene,Phonology
toa,Toaripi,1,Low,-8.333333333,146.25,Eleman Proper,Eleman,Phonology
tol,Tol,3,Average,14.66666667,-87,Tol,Tol,Phonology
ton,Tonkawa,3,Average,30.25,-96.75,Tonkawa,Tonkawa,Phonology
dts,Toro So,2,Moderately low,14.41666667,-3.25,Dogon,Dogon,Phonology
tpa,Totonac (Papantla),4,Moderately high,20.33333333,-97.33333333,Totonacan,Totonacan,Phonology
tru,Trumai,3,Average,-11.91666667,-53.58333333,Trumai,Trumai,Phonology
tsi,Tsimshian (Coast),5,High,52.5,-129,Tsimshianic,Penutian,Phonology
tso,Tsou,3,Average,23.5,120.75,Tsou,Austronesian,Phonology
ttu,Tsova-Tush,5,High,42.5,45.5,Nakh,Nakh-Daghestanian,Phonology
tug,Tuareg (Ahaggar),3,Average,23,6,Berber,Afro-Asiatic,Phonology
tuk,Tukang Besi,3,Average,-5.5,123.5,Celebic,Austronesian,Phonology
tul,Tulu,3,Average,12.75,75.33333333,Southern Dravidian,Dravidian,Phonology
tun,Tunica,2,Moderately low,32.66666667,-91,Tunica,Tunica,Phonology
tur,Turkish,3,Average,39,35,Turkic,Altaic,Phonology
tuv,Tuvan,2,Moderately low,52,95,Turkic,Altaic,Phonology
tza,Tzeltal (Aguacatenango),4,Moderately high,16.41666667,-92.5,Mayan,Mayan,Phonology
umb,UMbundu,3,Average,-12.5,15,Bantoid,Niger-Congo,Phonology
una,Una,2,Moderately low,-4.666666667,140,Mek,Trans-New Guinea,Phonology
ung,Ungarinjin,3,Average,-16.33333333,126,Worrorran,Worrorran,Phonology
urk,Urub√∫-Kaapor,2,Moderately low,-2.333333333,-46.5,Tupi-Guaran√≠,Tupian,Phonology
usa,Usan,2,Moderately low,-4.833333333,145.1666667,Madang,Trans-New Guinea,Phonology
uzn,Uzbek (Northern),3,Average,40.66666667,66.5,Turkic,Altaic,Phonology
vie,Vietnamese,1,Low,10.5,106.5,Viet-Muong,Austro-Asiatic,Phonology
wah,Wahgi,3,Average,-5.833333333,144.7166667,Chimbu,Trans-New Guinea,Phonology
bno,Waimaha,1,Low,0.333333333,-70.25,Tucanoan,Tucanoan,Phonology
wam,Wambaya,4,Moderately high,-18.66666667,135.75,Wambayan,Mirndi,Phonology
wnt,Wantoat,2,Moderately low,-6.166666667,146.5,Finisterre-Huon,Trans-New Guinea,Phonology
wao,Waorani,2,Moderately low,-1,-76.5,Waorani,Waorani,Phonology
wps,Wapishana,3,Average,2.666666667,-60,Wapishanan,Arawakan,Phonology
wap,Wappo,4,Moderately high,38.5,-122.5,Wappo,Wappo-Yukian,Phonology
wra,Warao,2,Moderately low,9.333333333,-61.66666667,Warao,Warao,Phonology
wry,Waray (in Australia),3,Average,-13.16666667,131.25,Warayic,Gunwinyguan,Phonology
wrd,Wardaman,3,Average,-15.5,131,Yangmanic,Yangmanic,Phonology
war,Wari',2,Moderately low,-11.33333333,-65,Chapacura-Wanham,Chapacura-Wanham,Phonology
wrs,Waris,1,Low,-3.166666667,141,Border,Border,Phonology
wma,West Makian,3,Average,0.5,127.5833333,North Halmaheran,West Papuan,Phonology
wdo,Western Desert (Ooldea),4,Moderately high,-30.5,132,Western Pama-Nyungan,Pama-Nyungan,Phonology
wic,Wichita,3,Average,33.33333333,-97.33333333,Caddoan,Caddoan,Phonology
wch,Wich√≠,3,Average,-22.5,-62.58333333,Matacoan,Matacoan,Phonology
wmu,Wik Munkan,2,Moderately low,-13.91666667,141.75,Northern Pama-Nyungan,Pama-Nyungan,Phonology
win,Wintu,4,Moderately high,41,-122.5,Wintuan,Penutian,Phonology
wiy,Wiyot,4,Moderately high,40.83333333,-124.1666667,Wiyot,Algic,Phonology
woi,Woisika,1,Low,-8.25,124.8333333,Greater Alor,Timor-Alor-Pantar,Phonology
wlf,Wolof,3,Average,15.25,-16,Wolof,Niger-Congo,Phonology
wuc,Wu,3,Average,31.66666667,119.9166667,Chinese,Sino-Tibetan,Phonology
ygr,Yagaria,3,Average,-6.333333333,145.4166667,Eastern Highlands,Trans-New Guinea,Phonology
yag,Yagua,1,Low,-3.5,-72,Peba-Yaguan,Peba-Yaguan,Phonology
ykt,Yakut,2,Moderately low,62,130,Turkic,Altaic,Phonology
yan,Yana,3,Average,40.5,-122,Yana,Hokan,Phonology
yny,Yanyuwa,5,High,-16.41666667,137.1666667,Western Pama-Nyungan,Pama-Nyungan,Phonology
yap,Yapese,3,Average,9.583333333,138.1666667,Yapese,Austronesian,Phonology
yaq,Yaqui,3,Average,27.5,-110.25,Cahita,Uto-Aztecan,Phonology
yar,Yareba,2,Moderately low,-9.5,148.5,Yareban,Yareban,Phonology
yaw,Yawa,3,Average,-1.75,136.25,Yawa,Yawa,Phonology
yay,Yay,3,Average,22.41666667,104.75,Kam-Tai,Tai-Kadai,Phonology
yel,Yel√Æ Dnye,4,Moderately high,-11.36666667,154.1666667,Yele,Yele,Phonology
yes,Yessan-Mayo,3,Average,-4.166666667,142.5833333,Tama Sepik,Sepik,Phonology
yey,Yeyi,5,High,-20,23.5,Bantoid,Niger-Congo,Phonology
yid,Yidiny,3,Average,-17,145.75,Northern Pama-Nyungan,Pama-Nyungan,Phonology
yim,Yimas,4,Moderately high,-4.666666667,143.55,Lower Sepik,Lower Sepik-Ramu,Phonology
yor,Yoruba,2,Moderately low,8,4.333333333,Defoid,Niger-Congo,Phonology
yct,Yucatec,3,Average,20,-89,Mayan,Mayan,Phonology
yuc,Yuchi,4,Moderately high,35.75,-86.75,Yuchi,Yuchi,Phonology
ycn,Yucuna,3,Average,-0.75,-71,Inland Northern Arawakan,Arawakan,Phonology
yko,Yukaghir (Kolyma),3,Average,65.75,150.8333333,Yukaghir,Yukaghir,Phonology
ytu,Yukaghir (Tundra),3,Average,69,155,Yukaghir,Yukaghir,Phonology
yul,Yulu,4,Moderately high,8.5,25.25,Bongo-Bagirmi,Central Sudanic,Phonology
yus,Yupik (Siberian),5,High,65,-173,Eskimo,Eskimo-Aleut,Phonology
yur,Yurok,4,Moderately high,41.33333333,-124,Yurok,Algic,Phonology
zan,Zande,3,Average,4,26,Ubangi,Niger-Congo,Phonology
zqc,Zoque (Copainal√°),2,Moderately low,17,-93.25,Mixe-Zoque,Mixe-Zoque,Phonology
zul,Zulu,5,High,-30,30,Bantoid,Niger-Congo,Phonology
zun,Zuni,3,Average,35.08333333,-108.8333333,Zuni,Zuni,Phonology